codigo;descripcion;precio
1;champu Head & Shoulder;888
2;panales Pamper;1089
3;Vitamina C;345
4;champu Drene;900
5;champu ninos;566
6;panales Pamper;1089
7;Vitamina C;345
8;champu Drene;900
9;xxxxxxxx;900
10;xxxxxxxx;900
11;xxxxxxxx;900
12;xxxxxxxx;900
13;xxxxxxxx;900
14;xxxxxxxx;910
15;xxxxxxxx;920
16;xxxxxxxx;930
17;Head and Shoulder;1951
18;xxxxxxxx;950
19;xxxxxxxx;960
20;xxxxxxxx;970
21;xxxxxxxx;980
22;xxxxxxxx;990
23;xxxxxxxx;1000
24;xxxxxxxx;1010
25;xxxxxxxx;1020
26;xxxxxxxx;1030
27;xxxxxxxx;1040
28;xxxxxxxx;1050
29;xxxxxxxx;1060
30;xxxxxxxx;1070
31;xxxxxxxx;1080
32;xxxxxxxx;1090
33;xxxxxxxx;1100
34;xxxxxxxx;1110
35;xxxxxxxx;1120
36;xxxxxxxx;1130
37;xxxxxxxx;1140
38;xxxxxxxx;1150
39;xxxxxxxx;1160
40;xxxxxxxx;1170
41;xxxxxxxx;1180
42;xxxxxxxx;1190
43;xxxxxxxx;1200
44;xxxxxxxx;1210
45;xxxxxxxx;1220
46;xxxxxxxx;1230
47;xxxxxxxx;1240
48;xxxxxxxx;1250
49;xxxxxxxx;1260
50;xxxxxxxx;1270
51;xxxxxxxx;1280
52;xxxxxxxx;1290
53;xxxxxxxx;1300
54;xxxxxxxx;1310
55;xxxxxxxx;1320
56;xxxxxxxx;1330
57;xxxxxxxx;1340
58;xxxxxxxx;1350
59;xxxxxxxx;1360
60;xxxxxxxx;1370
61;xxxxxxxx;1380
62;xxxxxxxx;1390
63;xxxxxxxx;1400
64;xxxxxxxx;1410
65;xxxxxxxx;1420
66;xxxxxxxx;1430
67;xxxxxxxx;1440
68;xxxxxxxx;1450
69;xxxxxxxx;1460
70;xxxxxxxx;1470
71;xxxxxxxxxxxxxxxxxxxxxxx;1480
72;xxxxxxxxxxxxxxxxxxxxxxx;1490
73;xxxxxxxxxxxxxxxxxxxxxxx;1500
74;xxxxxxxxxxxxxxxxxxxxxxx;1510
75;xxxxxxxxxxxxxxxxxxxxxxx;1520
76;xxxxxxxxxxxxxxxxxxxxxxx;1530
77;xxxxxxxxxxxxxxxxxxxxxxx;1540
78;xxxxxxxxxxxxxxxxxxxxxxx;1550
79;xxxxxxxxxxxxxxxxxxxxxxx;1560
80;xxxxxxxxxxxxxxxxxxxxxxx;1570
81;xxxxxxxxxxxxxxxxxxxxxxx;1580
82;xxxxxxxxxxxxxxxxxxxxxxx;1590
83;xxxxxxxxxxxxxxxxxxxxxxx;1600
84;xxxxxxxxxxxxxxxxxxxxxxx;1610
85;xxxxxxxxxxxxxxxxxxxxxxx;1620
86;xxxxxxxxxxxxxxxxxxxxxxx;1630
87;xxxxxxxxxxxxxxxxxxxxxxx;1640
88;xxxxxxxxxxxxxxxxxxxxxxx;1650
89;xxxxxxxxxxxxxxxxxxxxxxx;1660
90;xxxxxxxxxxxxxxxxxxxxxxx;1670
91;xxxxxxxxxxxxxxxxxxxxxxx;1680
92;xxxxxxxxxxxxxxxxxxxxxxx;1690
93;xxxxxxxxxxxxxxxxxxxxxxx;1700
94;xxxxxxxxxxxxxxxxxxxxxxx;1710
95;xxxxxxxxxxxxxxxxxxxxxxx;1720
96;xxxxxxxxxxxxxxxxxxxxxxx;1730
97;xxxxxxxxxxxxxxxxxxxxxxx;1740
98;xxxxxxxxxxxxxxxxxxxxxxx;1750
99;xxxxxxxxxxxxxxxxxxxxxxx;1760
100;xxxxxxxxxxxxxxxxxxxxxxx;1770
101;xxxxxxxxxxxxxxxxxxxxxxx;1780
102;xxxxxxxxxxxxxxxxxxxxxxx;1790
103;xxxxxxxxxxxxxxxxxxxxxxx;1800
104;xxxxxxxxxxxxxxxxxxxxxxx;1810
105;xxxxxxxxxxxxxxxxxxxxxxx;1820
106;xxxxxxxxxxxxxxxxxxxxxxx;1830
107;xxxxxxxxxxxxxxxxxxxxxxx;1840
108;xxxxxxxxxxxxxxxxxxxxxxx;1850
109;xxxxxxxxxxxxxxxxxxxxxxx;1860
110;xxxxxxxxxxxxxxxxxxxxxxx;1870
111;xxxxxxxxxxxxxxxxxxxxxxx;1880
112;xxxxxxxxxxxxxxxxxxxxxxx;1890
113;xxxxxxxxxxxxxxxxxxxxxxx;1900
114;xxxxxxxxxxxxxxxxxxxxxxx;1910
115;xxxxxxxxxxxxxxxxxxxxxxx;1920
116;xxxxxxxxxxxxxxxxxxxxxxx;1930
117;xxxxxxxxxxxxxxxxxxxxxxx;1940
118;xxxxxxxxxxxxxxxxxxxxxxx;1950
119;xxxxxxxxxxxxxxxxxxxxxxx;1960
120;xxxxxxxxxxxxxxxxxxxxxxx;1970
121;xxxxxxxxxxxxxxxxxxxxxxx;1980
122;xxxxxxxxxxxxxxxxxxxxxxx;1990
123;xxxxxxxxxxxxxxxxxxxxxxx;2000
124;xxxxxxxxxxxxxxxxxxxxxxx;2010
125;xxxxxxxxxxxxxxxxxxxxxxx;2020
126;xxxxxxxxxxxxxxxxxxxxxxx;2030
127;xxxxxxxxxxxxxxxxxxxxxxx;2040
128;xxxxxxxxxxxxxxxxxxxxxxx;2050
129;xxxxxxxxxxxxxxxxxxxxxxx;2060
130;xxxxxxxxxxxxxxxxxxxxxxx;2070
131;xxxxxxxxxxxxxxxxxxxxxxx;2080
132;xxxxxxxxxxxxxxxxxxxxxxx;2090
133;xxxxxxxxxxxxxxxxxxxxxxx;2100
134;xxxxxxxxxxxxxxxxxxxxxxx;2110
135;xxxxxxxxxxxxxxxxxxxxxxx;2120
136;xxxxxxxxxxxxxxxxxxxxxxx;2130
137;xxxxxxxxxxxxxxxxxxxxxxx;2140
138;xxxxxxxxxxxxxxxxxxxxxxx;2150
139;xxxxxxxxxxxxxxxxxxxxxxx;2160
140;xxxxxxxxxxxxxxxxxxxxxxx;2170
141;xxxxxxxxxxxxxxxxxxxxxxx;2180
142;xxxxxxxxxxxxxxxxxxxxxxx;2190
143;xxxxxxxxxxxxxxxxxxxxxxx;2200
144;xxxxxxxxxxxxxxxxxxxxxxx;2210
145;xxxxxxxxxxxxxxxxxxxxxxx;2220
146;xxxxxxxxxxxxxxxxxxxxxxx;2230
147;xxxxxxxxxxxxxxxxxxxxxxx;2240
148;xxxxxxxxxxxxxxxxxxxxxxx;2250
149;xxxxxxxxxxxxxxxxxxxxxxx;2260
150;xxxxxxxxxxxxxxxxxxxxxxx;2270
151;xxxxxxxxxxxxxxxxxxxxxxx;2280
152;xxxxxxxxxxxxxxxxxxxxxxx;2290
153;xxxxxxxxxxxxxxxxxxxxxxx;2300
154;xxxxxxxxxxxxxxxxxxxxxxx;2310
155;xxxxxxxxxxxxxxxxxxxxxxx;2320
156;xxxxxxxxxxxxxxxxxxxxxxx;2330
157;xxxxxxxxxxxxxxxxxxxxxxx;2340
158;xxxxxxxxxxxxxxxxxxxxxxx;2350
159;xxxxxxxxxxxxxxxxxxxxxxx;2360
160;xxxxxxxxxxxxxxxxxxxxxxx;2370
161;xxxxxxxxxxxxxxxxxxxxxxx;2380
162;xxxxxxxxxxxxxxxxxxxxxxx;2390
163;xxxxxxxxxxxxxxxxxxxxxxx;2400
164;xxxxxxxxxxxxxxxxxxxxxxx;2410
165;xxxxxxxxxxxxxxxxxxxxxxx;2420
166;xxxxxxxxxxxxxxxxxxxxxxx;2430
167;xxxxxxxxxxxxxxxxxxxxxxx;2440
168;xxxxxxxxxxxxxxxxxxxxxxx;2450
169;xxxxxxxxxxxxxxxxxxxxxxx;2460
170;xxxxxxxxxxxxxxxxxxxxxxx;2470
171;xxxxxxxxxxxxxxxxxxxxxxx;2480
172;xxxxxxxxxxxxxxxxxxxxxxx;2490
173;xxxxxxxxxxxxxxxxxxxxxxx;2500
174;xxxxxxxxxxxxxxxxxxxxxxx;2510
175;xxxxxxxxxxxxxxxxxxxxxxx;2520
176;xxxxxxxxxxxxxxxxxxxxxxx;2530
177;xxxxxxxxxxxxxxxxxxxxxxx;2540
178;xxxxxxxxxxxxxxxxxxxxxxx;2550
179;xxxxxxxxxxxxxxxxxxxxxxx;2560
180;xxxxxxxxxxxxxxxxxxxxxxx;2570
181;xxxxxxxxxxxxxxxxxxxxxxx;2580
182;xxxxxxxxxxxxxxxxxxxxxxx;2590
183;xxxxxxxxxxxxxxxxxxxxxxx;2600
184;xxxxxxxxxxxxxxxxxxxxxxx;2610
185;xxxxxxxxxxxxxxxxxxxxxxx;2620
186;xxxxxxxxxxxxxxxxxxxxxxx;2630
187;xxxxxxxxxxxxxxxxxxxxxxx;2640
188;xxxxxxxxxxxxxxxxxxxxxxx;2650
189;xxxxxxxxxxxxxxxxxxxxxxx;2660
190;xxxxxxxxxxxxxxxxxxxxxxx;2670
191;xxxxxxxxxxxxxxxxxxxxxxx;2680
192;xxxxxxxxxxxxxxxxxxxxxxx;2690
193;xxxxxxxxxxxxxxxxxxxxxxx;2700
194;xxxxxxxxxxxxxxxxxxxxxxx;2710
195;xxxxxxxxxxxxxxxxxxxxxxx;2720
196;xxxxxxxxxxxxxxxxxxxxxxx;2730
197;xxxxxxxxxxxxxxxxxxxxxxx;2740
198;xxxxxxxxxxxxxxxxxxxxxxx;2750
199;xxxxxxxxxxxxxxxxxxxxxxx;2760
200;xxxxxxxxxxxxxxxxxxxxxxx;2770
201;xxxxxxxxxxxxxxxxxxxxxxx;2780
202;xxxxxxxxxxxxxxxxxxxxxxx;2790
203;xxxxxxxxxxxxxxxxxxxxxxx;2800
204;xxxxxxxxxxxxxxxxxxxxxxx;2810
205;xxxxxxxxxxxxxxxxxxxxxxx;2820
206;xxxxxxxxxxxxxxxxxxxxxxx;2830
207;xxxxxxxxxxxxxxxxxxxxxxx;2840
208;xxxxxxxxxxxxxxxxxxxxxxx;2850
209;xxxxxxxxxxxxxxxxxxxxxxx;2860
210;xxxxxxxxxxxxxxxxxxxxxxx;2870
211;xxxxxxxxxxxxxxxxxxxxxxx;2880
212;xxxxxxxxxxxxxxxxxxxxxxx;2890
213;xxxxxxxxxxxxxxxxxxxxxxx;2900
214;xxxxxxxxxxxxxxxxxxxxxxx;2910
215;xxxxxxxxxxxxxxxxxxxxxxx;2920
216;xxxxxxxxxxxxxxxxxxxxxxx;2930
217;xxxxxxxxxxxxxxxxxxxxxxx;2940
218;xxxxxxxxxxxxxxxxxxxxxxx;2950
219;xxxxxxxxxxxxxxxxxxxxxxx;2960
220;xxxxxxxxxxxxxxxxxxxxxxx;2970
221;xxxxxxxxxxxxxxxxxxxxxxx;2980
222;xxxxxxxxxxxxxxxxxxxxxxx;2990
223;xxxxxxxxxxxxxxxxxxxxxxx;3000
224;xxxxxxxxxxxxxxxxxxxxxxx;3010
225;xxxxxxxxxxxxxxxxxxxxxxx;3020
226;xxxxxxxxxxxxxxxxxxxxxxx;3030
227;xxxxxxxxxxxxxxxxxxxxxxx;3040
228;xxxxxxxxxxxxxxxxxxxxxxx;3050
229;xxxxxxxxxxxxxxxxxxxxxxx;3060
230;xxxxxxxxxxxxxxxxxxxxxxx;3070
231;xxxxxxxxxxxxxxxxxxxxxxx;3080
232;xxxxxxxxxxxxxxxxxxxxxxx;3090
233;xxxxxxxxxxxxxxxxxxxxxxx;3100
234;xxxxxxxxxxxxxxxxxxxxxxx;3110
235;xxxxxxxxxxxxxxxxxxxxxxx;3120
236;xxxxxxxxxxxxxxxxxxxxxxx;3130
237;xxxxxxxxxxxxxxxxxxxxxxx;3140
238;xxxxxxxxxxxxxxxxxxxxxxx;3150
239;xxxxxxxxxxxxxxxxxxxxxxx;3160
240;xxxxxxxxxxxxxxxxxxxxxxx;3170
241;xxxxxxxxxxxxxxxxxxxxxxx;3180
242;xxxxxxxxxxxxxxxxxxxxxxx;3190
243;xxxxxxxxxxxxxxxxxxxxxxx;3200
244;xxxxxxxxxxxxxxxxxxxxxxx;3210
245;xxxxxxxxxxxxxxxxxxxxxxx;3220
246;xxxxxxxxxxxxxxxxxxxxxxx;3230
247;xxxxxxxxxxxxxxxxxxxxxxx;3240
248;xxxxxxxxxxxxxxxxxxxxxxx;3250
249;xxxxxxxxxxxxxxxxxxxxxxx;3260
250;xxxxxxxxxxxxxxxxxxxxxxx;3270
251;xxxxxxxxxxxxxxxxxxxxxxx;3280
252;xxxxxxxxxxxxxxxxxxxxxxx;3290
253;xxxxxxxxxxxxxxxxxxxxxxx;3300
254;xxxxxxxxxxxxxxxxxxxxxxx;3310
255;xxxxxxxxxxxxxxxxxxxxxxx;3320
256;xxxxxxxxxxxxxxxxxxxxxxx;3330
257;xxxxxxxxxxxxxxxxxxxxxxx;3340
258;xxxxxxxxxxxxxxxxxxxxxxx;3350
259;xxxxxxxxxxxxxxxxxxxxxxx;3360
260;xxxxxxxxxxxxxxxxxxxxxxx;3370
261;xxxxxxxxxxxxxxxxxxxxxxx;3380
262;xxxxxxxxxxxxxxxxxxxxxxx;3390
263;xxxxxxxxxxxxxxxxxxxxxxx;3400
264;xxxxxxxxxxxxxxxxxxxxxxx;3410
265;xxxxxxxxxxxxxxxxxxxxxxx;3420
266;xxxxxxxxxxxxxxxxxxxxxxx;3430
267;xxxxxxxxxxxxxxxxxxxxxxx;3440
268;xxxxxxxxxxxxxxxxxxxxxxx;3450
269;xxxxxxxxxxxxxxxxxxxxxxx;3460
270;xxxxxxxxxxxxxxxxxxxxxxx;3470
271;xxxxxxxxxxxxxxxxxxxxxxx;3480
272;xxxxxxxxxxxxxxxxxxxxxxx;3490
273;xxxxxxxxxxxxxxxxxxxxxxx;3500
274;xxxxxxxxxxxxxxxxxxxxxxx;3510
275;xxxxxxxxxxxxxxxxxxxxxxx;3520
276;xxxxxxxxxxxxxxxxxxxxxxx;3530
277;xxxxxxxxxxxxxxxxxxxxxxx;3540
278;xxxxxxxxxxxxxxxxxxxxxxx;3550
279;xxxxxxxxxxxxxxxxxxxxxxx;3560
280;xxxxxxxxxxxxxxxxxxxxxxx;3570
281;xxxxxxxxxxxxxxxxxxxxxxx;3580
282;xxxxxxxxxxxxxxxxxxxxxxx;3590
283;xxxxxxxxxxxxxxxxxxxxxxx;3600
284;xxxxxxxxxxxxxxxxxxxxxxx;3610
285;xxxxxxxxxxxxxxxxxxxxxxx;3620
286;xxxxxxxxxxxxxxxxxxxxxxx;3630
287;xxxxxxxxxxxxxxxxxxxxxxx;3640
288;xxxxxxxxxxxxxxxxxxxxxxx;3650
289;xxxxxxxxxxxxxxxxxxxxxxx;3660
290;xxxxxxxxxxxxxxxxxxxxxxx;3670
291;xxxxxxxxxxxxxxxxxxxxxxx;3680
292;xxxxxxxxxxxxxxxxxxxxxxx;3690
293;xxxxxxxxxxxxxxxxxxxxxxx;3700
294;xxxxxxxxxxxxxxxxxxxxxxx;3710
295;xxxxxxxxxxxxxxxxxxxxxxx;3720
296;xxxxxxxxxxxxxxxxxxxxxxx;3730
297;xxxxxxxxxxxxxxxxxxxxxxx;3740
298;xxxxxxxxxxxxxxxxxxxxxxx;3750
299;xxxxxxxxxxxxxxxxxxxxxxx;3760
300;xxxxxxxxxxxxxxxxxxxxxxx;3770
301;xxxxxxxxxxxxxxxxxxxxxxx;3780
302;xxxxxxxxxxxxxxxxxxxxxxx;3790
303;xxxxxxxxxxxxxxxxxxxxxxx;3800
304;xxxxxxxxxxxxxxxxxxxxxxx;3810
305;xxxxxxxxxxxxxxxxxxxxxxx;3820
306;xxxxxxxxxxxxxxxxxxxxxxx;3830
307;xxxxxxxxxxxxxxxxxxxxxxx;3840
308;xxxxxxxxxxxxxxxxxxxxxxx;3850
309;xxxxxxxxxxxxxxxxxxxxxxx;3860
310;xxxxxxxxxxxxxxxxxxxxxxx;3870
311;xxxxxxxxxxxxxxxxxxxxxxx;3880
312;xxxxxxxxxxxxxxxxxxxxxxx;3890
313;xxxxxxxxxxxxxxxxxxxxxxx;3900
314;xxxxxxxxxxxxxxxxxxxxxxx;3910
315;xxxxxxxxxxxxxxxxxxxxxxx;3920
316;xxxxxxxxxxxxxxxxxxxxxxx;3930
317;xxxxxxxxxxxxxxxxxxxxxxx;3940
318;xxxxxxxxxxxxxxxxxxxxxxx;3950
319;xxxxxxxxxxxxxxxxxxxxxxx;3960
320;xxxxxxxxxxxxxxxxxxxxxxx;3970
321;xxxxxxxxxxxxxxxxxxxxxxx;3980
322;xxxxxxxxxxxxxxxxxxxxxxx;3990
323;xxxxxxxxxxxxxxxxxxxxxxx;4000
324;xxxxxxxxxxxxxxxxxxxxxxx;4010
325;xxxxxxxxxxxxxxxxxxxxxxx;4020
326;xxxxxxxxxxxxxxxxxxxxxxx;4030
327;xxxxxxxxxxxxxxxxxxxxxxx;4040
328;xxxxxxxxxxxxxxxxxxxxxxx;4050
329;xxxxxxxxxxxxxxxxxxxxxxx;4060
330;xxxxxxxxxxxxxxxxxxxxxxx;4070
331;xxxxxxxxxxxxxxxxxxxxxxx;4080
332;xxxxxxxxxxxxxxxxxxxxxxx;4090
333;xxxxxxxxxxxxxxxxxxxxxxx;4100
334;xxxxxxxxxxxxxxxxxxxxxxx;4110
335;xxxxxxxxxxxxxxxxxxxxxxx;4120
336;xxxxxxxxxxxxxxxxxxxxxxx;4130
337;xxxxxxxxxxxxxxxxxxxxxxx;4140
338;xxxxxxxxxxxxxxxxxxxxxxx;4150
339;xxxxxxxxxxxxxxxxxxxxxxx;4160
340;xxxxxxxxxxxxxxxxxxxxxxx;4170
341;xxxxxxxxxxxxxxxxxxxxxxx;4180
342;xxxxxxxxxxxxxxxxxxxxxxx;4190
343;xxxxxxxxxxxxxxxxxxxxxxx;4200
344;xxxxxxxxxxxxxxxxxxxxxxx;4210
345;xxxxxxxxxxxxxxxxxxxxxxx;4220
346;xxxxxxxxxxxxxxxxxxxxxxx;4230
347;xxxxxxxxxxxxxxxxxxxxxxx;4240
348;xxxxxxxxxxxxxxxxxxxxxxx;4250
349;xxxxxxxxxxxxxxxxxxxxxxx;4260
350;xxxxxxxxxxxxxxxxxxxxxxx;4270
351;xxxxxxxxxxxxxxxxxxxxxxx;4280
352;xxxxxxxxxxxxxxxxxxxxxxx;4290
353;xxxxxxxxxxxxxxxxxxxxxxx;4300
354;xxxxxxxxxxxxxxxxxxxxxxx;4310
355;xxxxxxxxxxxxxxxxxxxxxxx;4320
356;xxxxxxxxxxxxxxxxxxxxxxx;4330
357;xxxxxxxxxxxxxxxxxxxxxxx;4340
358;xxxxxxxxxxxxxxxxxxxxxxx;4350
359;xxxxxxxxxxxxxxxxxxxxxxx;4360
360;xxxxxxxxxxxxxxxxxxxxxxx;4370
361;xxxxxxxxxxxxxxxxxxxxxxx;4380
362;xxxxxxxxxxxxxxxxxxxxxxx;4390
363;xxxxxxxxxxxxxxxxxxxxxxx;4400
364;xxxxxxxxxxxxxxxxxxxxxxx;4410
365;xxxxxxxxxxxxxxxxxxxxxxx;4420
366;xxxxxxxxxxxxxxxxxxxxxxx;4430
367;xxxxxxxxxxxxxxxxxxxxxxx;4440
368;xxxxxxxxxxxxxxxxxxxxxxx;4450
369;xxxxxxxxxxxxxxxxxxxxxxx;4460
370;xxxxxxxxxxxxxxxxxxxxxxx;4470
371;xxxxxxxxxxxxxxxxxxxxxxx;4480
372;xxxxxxxxxxxxxxxxxxxxxxx;4490
373;xxxxxxxxxxxxxxxxxxxxxxx;4500
374;xxxxxxxxxxxxxxxxxxxxxxx;4510
375;xxxxxxxxxxxxxxxxxxxxxxx;4520
376;xxxxxxxxxxxxxxxxxxxxxxx;4530
377;xxxxxxxxxxxxxxxxxxxxxxx;4540
378;xxxxxxxxxxxxxxxxxxxxxxx;4550
379;xxxxxxxxxxxxxxxxxxxxxxx;4560
380;xxxxxxxxxxxxxxxxxxxxxxx;4570
381;xxxxxxxxxxxxxxxxxxxxxxx;4580
382;xxxxxxxxxxxxxxxxxxxxxxx;4590
383;xxxxxxxxxxxxxxxxxxxxxxx;4600
384;xxxxxxxxxxxxxxxxxxxxxxx;4610
385;xxxxxxxxxxxxxxxxxxxxxxx;4620
386;xxxxxxxxxxxxxxxxxxxxxxx;4630
387;xxxxxxxxxxxxxxxxxxxxxxx;4640
388;xxxxxxxxxxxxxxxxxxxxxxx;4650
389;xxxxxxxxxxxxxxxxxxxxxxx;4660
390;xxxxxxxxxxxxxxxxxxxxxxx;4670
391;xxxxxxxxxxxxxxxxxxxxxxx;4680
392;xxxxxxxxxxxxxxxxxxxxxxx;4690
393;xxxxxxxxxxxxxxxxxxxxxxx;4700
394;xxxxxxxxxxxxxxxxxxxxxxx;4710
395;xxxxxxxxxxxxxxxxxxxxxxx;4720
396;xxxxxxxxxxxxxxxxxxxxxxx;4730
397;xxxxxxxxxxxxxxxxxxxxxxx;4740
398;xxxxxxxxxxxxxxxxxxxxxxx;4750
399;xxxxxxxxxxxxxxxxxxxxxxx;4760
400;xxxxxxxxxxxxxxxxxxxxxxx;4770
401;xxxxxxxxxxxxxxxxxxxxxxx;4780
402;xxxxxxxxxxxxxxxxxxxxxxx;4790
403;xxxxxxxxxxxxxxxxxxxxxxx;4800
404;xxxxxxxxxxxxxxxxxxxxxxx;4810
405;xxxxxxxxxxxxxxxxxxxxxxx;4820
406;xxxxxxxxxxxxxxxxxxxxxxx;4830
407;xxxxxxxxxxxxxxxxxxxxxxx;4840
408;xxxxxxxxxxxxxxxxxxxxxxx;4850
409;xxxxxxxxxxxxxxxxxxxxxxx;4860
410;xxxxxxxxxxxxxxxxxxxxxxx;4870
411;xxxxxxxxxxxxxxxxxxxxxxx;4880
412;xxxxxxxxxxxxxxxxxxxxxxx;4890
413;xxxxxxxxxxxxxxxxxxxxxxx;4900
414;xxxxxxxxxxxxxxxxxxxxxxx;4910
415;xxxxxxxxxxxxxxxxxxxxxxx;4920
416;xxxxxxxxxxxxxxxxxxxxxxx;4930
417;xxxxxxxxxxxxxxxxxxxxxxx;4940
418;xxxxxxxxxxxxxxxxxxxxxxx;4950
419;xxxxxxxxxxxxxxxxxxxxxxx;4960
420;xxxxxxxxxxxxxxxxxxxxxxx;4970
421;xxxxxxxxxxxxxxxxxxxxxxx;4980
422;xxxxxxxxxxxxxxxxxxxxxxx;4990
423;xxxxxxxxxxxxxxxxxxxxxxx;5000
424;xxxxxxxxxxxxxxxxxxxxxxx;5010
425;xxxxxxxxxxxxxxxxxxxxxxx;5020
426;xxxxxxxxxxxxxxxxxxxxxxx;5030
427;xxxxxxxxxxxxxxxxxxxxxxx;5040
428;xxxxxxxxxxxxxxxxxxxxxxx;5050
429;xxxxxxxxxxxxxxxxxxxxxxx;5060
430;xxxxxxxxxxxxxxxxxxxxxxx;5070
431;xxxxxxxxxxxxxxxxxxxxxxx;5080
432;xxxxxxxxxxxxxxxxxxxxxxx;5090
433;xxxxxxxxxxxxxxxxxxxxxxx;5100
434;xxxxxxxxxxxxxxxxxxxxxxx;5110
435;xxxxxxxxxxxxxxxxxxxxxxx;5120
436;xxxxxxxxxxxxxxxxxxxxxxx;5130
437;xxxxxxxxxxxxxxxxxxxxxxx;5140
438;xxxxxxxxxxxxxxxxxxxxxxx;5150
439;xxxxxxxxxxxxxxxxxxxxxxx;5160
440;xxxxxxxxxxxxxxxxxxxxxxx;5170
441;xxxxxxxxxxxxxxxxxxxxxxx;5180
442;xxxxxxxxxxxxxxxxxxxxxxx;5190
443;xxxxxxxxxxxxxxxxxxxxxxx;5200
444;xxxxxxxxxxxxxxxxxxxxxxx;5210
445;xxxxxxxxxxxxxxxxxxxxxxx;5220
446;xxxxxxxxxxxxxxxxxxxxxxx;5230
447;xxxxxxxxxxxxxxxxxxxxxxx;5240
448;xxxxxxxxxxxxxxxxxxxxxxx;5250
449;xxxxxxxxxxxxxxxxxxxxxxx;5260
450;xxxxxxxxxxxxxxxxxxxxxxx;5270
451;xxxxxxxxxxxxxxxxxxxxxxx;5280
452;xxxxxxxxxxxxxxxxxxxxxxx;5290
453;xxxxxxxxxxxxxxxxxxxxxxx;5300
454;xxxxxxxxxxxxxxxxxxxxxxx;5310
455;xxxxxxxxxxxxxxxxxxxxxxx;5320
456;xxxxxxxxxxxxxxxxxxxxxxx;5330
457;xxxxxxxxxxxxxxxxxxxxxxx;5340
458;xxxxxxxxxxxxxxxxxxxxxxx;5350
459;xxxxxxxxxxxxxxxxxxxxxxx;5360
460;xxxxxxxxxxxxxxxxxxxxxxx;5370
461;xxxxxxxxxxxxxxxxxxxxxxx;5380
462;xxxxxxxxxxxxxxxxxxxxxxx;5390
463;xxxxxxxxxxxxxxxxxxxxxxx;5400
464;xxxxxxxxxxxxxxxxxxxxxxx;5410
465;xxxxxxxxxxxxxxxxxxxxxxx;5420
466;xxxxxxxxxxxxxxxxxxxxxxx;5430
467;xxxxxxxxxxxxxxxxxxxxxxx;5440
468;xxxxxxxxxxxxxxxxxxxxxxx;5450
469;xxxxxxxxxxxxxxxxxxxxxxx;5460
470;xxxxxxxxxxxxxxxxxxxxxxx;5470
471;xxxxxxxxxxxxxxxxxxxxxxx;5480
472;xxxxxxxxxxxxxxxxxxxxxxx;5490
473;xxxxxxxxxxxxxxxxxxxxxxx;5500
474;xxxxxxxxxxxxxxxxxxxxxxx;5510
475;xxxxxxxxxxxxxxxxxxxxxxx;5520
476;xxxxxxxxxxxxxxxxxxxxxxx;5530
477;xxxxxxxxxxxxxxxxxxxxxxx;5540
478;xxxxxxxxxxxxxxxxxxxxxxx;5550
479;xxxxxxxxxxxxxxxxxxxxxxx;5560
480;xxxxxxxxxxxxxxxxxxxxxxx;5570
481;xxxxxxxxxxxxxxxxxxxxxxx;5580
482;xxxxxxxxxxxxxxxxxxxxxxx;5590
483;xxxxxxxxxxxxxxxxxxxxxxx;5600
484;xxxxxxxxxxxxxxxxxxxxxxx;5610
485;xxxxxxxxxxxxxxxxxxxxxxx;5620
486;xxxxxxxxxxxxxxxxxxxxxxx;5630
487;xxxxxxxxxxxxxxxxxxxxxxx;5640
488;xxxxxxxxxxxxxxxxxxxxxxx;5650
489;xxxxxxxxxxxxxxxxxxxxxxx;5660
490;xxxxxxxxxxxxxxxxxxxxxxx;5670
491;xxxxxxxxxxxxxxxxxxxxxxx;5680
492;xxxxxxxxxxxxxxxxxxxxxxx;5690
493;xxxxxxxxxxxxxxxxxxxxxxx;5700
494;xxxxxxxxxxxxxxxxxxxxxxx;5710
495;xxxxxxxxxxxxxxxxxxxxxxx;5720
496;xxxxxxxxxxxxxxxxxxxxxxx;5730
497;xxxxxxxxxxxxxxxxxxxxxxx;5740
498;xxxxxxxxxxxxxxxxxxxxxxx;5750
499;xxxxxxxxxxxxxxxxxxxxxxx;5760
500;xxxxxxxxxxxxxxxxxxxxxxx;5770
501;xxxxxxxxxxxxxxxxxxxxxxx;5780
502;xxxxxxxxxxxxxxxxxxxxxxx;5790
503;xxxxxxxxxxxxxxxxxxxxxxx;5800
504;xxxxxxxxxxxxxxxxxxxxxxx;5810
505;xxxxxxxxxxxxxxxxxxxxxxx;5820
506;xxxxxxxxxxxxxxxxxxxxxxx;5830
507;xxxxxxxxxxxxxxxxxxxxxxx;5840
508;xxxxxxxxxxxxxxxxxxxxxxx;5850
509;xxxxxxxxxxxxxxxxxxxxxxx;5860
510;xxxxxxxxxxxxxxxxxxxxxxx;5870
511;xxxxxxxxxxxxxxxxxxxxxxx;5880
512;xxxxxxxxxxxxxxxxxxxxxxx;5890
513;xxxxxxxxxxxxxxxxxxxxxxx;5900
514;xxxxxxxxxxxxxxxxxxxxxxx;5910
515;xxxxxxxxxxxxxxxxxxxxxxx;5920
516;xxxxxxxxxxxxxxxxxxxxxxx;5930
517;xxxxxxxxxxxxxxxxxxxxxxx;5940
518;xxxxxxxxxxxxxxxxxxxxxxx;5950
519;xxxxxxxxxxxxxxxxxxxxxxx;5960
520;xxxxxxxxxxxxxxxxxxxxxxx;5970
521;xxxxxxxxxxxxxxxxxxxxxxx;5980
522;xxxxxxxxxxxxxxxxxxxxxxx;5990
523;xxxxxxxxxxxxxxxxxxxxxxx;6000
524;xxxxxxxxxxxxxxxxxxxxxxx;6010
525;xxxxxxxxxxxxxxxxxxxxxxx;6020
526;xxxxxxxxxxxxxxxxxxxxxxx;6030
527;xxxxxxxxxxxxxxxxxxxxxxx;6040
528;xxxxxxxxxxxxxxxxxxxxxxx;6050
529;xxxxxxxxxxxxxxxxxxxxxxx;6060
530;xxxxxxxxxxxxxxxxxxxxxxx;6070
531;xxxxxxxxxxxxxxxxxxxxxxx;6080
532;xxxxxxxxxxxxxxxxxxxxxxx;6090
533;xxxxxxxxxxxxxxxxxxxxxxx;6124
534;xxxxxxxxxxxxxxxxxxxxxxx;6158
535;xxxxxxxxxxxxxxxxxxxxxxx;6192
536;xxxxxxxxxxxxxxxxxxxxxxx;6226
537;xxxxxxxxxxxxxxxxxxxxxxx;6260
538;xxxxxxxxxxxxxxxxxxxxxxx;6294
539;xxxxxxxxxxxxxxxxxxxxxxx;6328
540;xxxxxxxxxxxxxxxxxxxxxxx;6362
541;xxxxxxxxxxxxxxxxxxxxxxx;6396
542;xxxxxxxxxxxxxxxxxxxxxxx;6430
543;xxxxxxxxxxxxxxxxxxxxxxx;6464
544;xxxxxxxxxxxxxxxxxxxxxxx;6498
545;xxxxxxxxxxxxxxxxxxxxxxx;6532
546;xxxxxxxxxxxxxxxxxxxxxxx;6566
547;xxxxxxxxxxxxxxxxxxxxxxx;6600
548;xxxxxxxxxxxxxxxxxxxxxxx;6634
549;xxxxxxxxxxxxxxxxxxxxxxx;6668
550;xxxxxxxxxxxxxxxxxxxxxxx;6702
551;xxxxxxxxxxxxxxxxxxxxxxx;6736
552;xxxxxxxxxxxxxxxxxxxxxxx;6770
553;xxxxxxxxxxxxxxxxxxxxxxx;6804
554;xxxxxxxxxxxxxxxxxxxxxxx;6838
555;xxxxxxxxxxxxxxxxxxxxxxx;6872
556;xxxxxxxxxxxxxxxxxxxxxxx;6906
557;xxxxxxxxxxxxxxxxxxxxxxx;6940
558;xxxxxxxxxxxxxxxxxxxxxxx;6974
559;xxxxxxxxxxxxxxxxxxxxxxx;7008
560;xxxxxxxxxxxxxxxxxxxxxxx;7042
561;xxxxxxxxxxxxxxxxxxxxxxx;7076
562;xxxxxxxxxxxxxxxxxxxxxxx;7110
563;xxxxxxxxxxxxxxxxxxxxxxx;7144
564;xxxxxxxxxxxxxxxxxxxxxxx;7178
565;xxxxxxxxxxxxxxxxxxxxxxx;7212
566;xxxxxxxxxxxxxxxxxxxxxxx;7246
567;xxxxxxxxxxxxxxxxxxxxxxx;7280
568;xxxxxxxxxxxxxxxxxxxxxxx;7314
569;xxxxxxxxxxxxxxxxxxxxxxx;7348
570;xxxxxxxxxxxxxxxxxxxxxxx;7382
571;xxxxxxxxxxxxxxxxxxxxxxx;7416
572;xxxxxxxxxxxxxxxxxxxxxxx;7450
573;xxxxxxxxxxxxxxxxxxxxxxx;7484
574;xxxxxxxxxxxxxxxxxxxxxxx;7518
575;xxxxxxxxxxxxxxxxxxxxxxx;7552
576;xxxxxxxxxxxxxxxxxxxxxxx;7586
577;xxxxxxxxxxxxxxxxxxxxxxx;7620
578;xxxxxxxxxxxxxxxxxxxxxxx;7654
579;xxxxxxxxxxxxxxxxxxxxxxx;7688
580;xxxxxxxxxxxxxxxxxxxxxxx;7722
581;xxxxxxxxxxxxxxxxxxxxxxx;7756
582;xxxxxxxxxxxxxxxxxxxxxxx;7790
583;xxxxxxxxxxxxxxxxxxxxxxx;7824
584;xxxxxxxxxxxxxxxxxxxxxxx;7858
585;xxxxxxxxxxxxxxxxxxxxxxx;7892
586;xxxxxxxxxxxxxxxxxxxxxxx;7926
587;xxxxxxxxxxxxxxxxxxxxxxx;7960
588;xxxxxxxxxxxxxxxxxxxxxxx;7994
589;xxxxxxxxxxxxxxxxxxxxxxx;8028
590;xxxxxxxxxxxxxxxxxxxxxxx;8062
591;xxxxxxxxxxxxxxxxxxxxxxx;8096
592;xxxxxxxxxxxxxxxxxxxxxxx;8130
593;xxxxxxxxxxxxxxxxxxxxxxx;8164
594;xxxxxxxxxxxxxxxxxxxxxxx;8198
595;xxxxxxxxxxxxxxxxxxxxxxx;8232
596;xxxxxxxxxxxxxxxxxxxxxxx;8266
597;xxxxxxxxxxxxxxxxxxxxxxx;8300
598;xxxxxxxxxxxxxxxxxxxxxxx;8334
599;xxxxxxxxxxxxxxxxxxxxxxx;8368
600;xxxxxxxxxxxxxxxxxxxxxxx;8402
601;xxxxxxxxxxxxxxxxxxxxxxx;8436
602;xxxxxxxxxxxxxxxxxxxxxxx;8470
603;xxxxxxxxxxxxxxxxxxxxxxx;8504
604;xxxxxxxxxxxxxxxxxxxxxxx;8538
605;xxxxxxxxxxxxxxxxxxxxxxx;8572
606;xxxxxxxxxxxxxxxxxxxxxxx;8606
607;xxxxxxxxxxxxxxxxxxxxxxx;8640
608;xxxxxxxxxxxxxxxxxxxxxxx;8674
609;xxxxxxxxxxxxxxxxxxxxxxx;8708
610;xxxxxxxxxxxxxxxxxxxxxxx;8742
611;xxxxxxxxxxxxxxxxxxxxxxx;8776
612;xxxxxxxxxxxxxxxxxxxxxxx;8810
613;xxxxxxxxxxxxxxxxxxxxxxx;8844
614;xxxxxxxxxxxxxxxxxxxxxxx;8878
615;xxxxxxxxxxxxxxxxxxxxxxx;8912
616;xxxxxxxxxxxxxxxxxxxxxxx;8946
617;xxxxxxxxxxxxxxxxxxxxxxx;8980
618;xxxxxxxxxxxxxxxxxxxxxxx;9014
619;xxxxxxxxxxxxxxxxxxxxxxx;9048
620;xxxxxxxxxxxxxxxxxxxxxxx;9082
621;xxxxxxxxxxxxxxxxxxxxxxx;9116
622;xxxxxxxxxxxxxxxxxxxxxxx;9150
623;xxxxxxxxxxxxxxxxxxxxxxx;9184
624;xxxxxxxxxxxxxxxxxxxxxxx;9218
625;xxxxxxxxxxxxxxxxxxxxxxx;9252
626;xxxxxxxxxxxxxxxxxxxxxxx;9286
627;xxxxxxxxxxxxxxxxxxxxxxx;9320
628;xxxxxxxxxxxxxxxxxxxxxxx;9354
629;xxxxxxxxxxxxxxxxxxxxxxx;9388
630;xxxxxxxxxxxxxxxxxxxxxxx;9422
631;xxxxxxxxxxxxxxxxxxxxxxx;9456
632;xxxxxxxxxxxxxxxxxxxxxxx;9490
633;xxxxxxxxxxxxxxxxxxxxxxx;9524
634;xxxxxxxxxxxxxxxxxxxxxxx;9558
635;xxxxxxxxxxxxxxxxxxxxxxx;9592
636;xxxxxxxxxxxxxxxxxxxxxxx;9626
637;xxxxxxxxxxxxxxxxxxxxxxx;9660
638;xxxxxxxxxxxxxxxxxxxxxxx;9694
639;xxxxxxxxxxxxxxxxxxxxxxx;9728
640;xxxxxxxxxxxxxxxxxxxxxxx;9762
641;xxxxxxxxxxxxxxxxxxxxxxx;9796
642;xxxxxxxxxxxxxxxxxxxxxxx;9830
643;xxxxxxxxxxxxxxxxxxxxxxx;9864
644;xxxxxxxxxxxxxxxxxxxxxxx;9898
645;xxxxxxxxxxxxxxxxxxxxxxx;9932
646;xxxxxxxxxxxxxxxxxxxxxxx;9966
647;xxxxxxxxxxxxxxxxxxxxxxx;10000
648;xxxxxxxxxxxxxxxxxxxxxxx;10034
649;xxxxxxxxxxxxxxxxxxxxxxx;10068
650;xxxxxxxxxxxxxxxxxxxxxxx;10102
651;xxxxxxxxxxxxxxxxxxxxxxx;10136
652;xxxxxxxxxxxxxxxxxxxxxxx;10170
653;xxxxxxxxxxxxxxxxxxxxxxx;10204
654;xxxxxxxxxxxxxxxxxxxxxxx;10238
655;xxxxxxxxxxxxxxxxxxxxxxx;10272
656;xxxxxxxxxxxxxxxxxxxxxxx;10306
657;xxxxxxxxxxxxxxxxxxxxxxx;10340
658;xxxxxxxxxxxxxxxxxxxxxxx;10374
659;xxxxxxxxxxxxxxxxxxxxxxx;10408
660;xxxxxxxxxxxxxxxxxxxxxxx;10442
661;xxxxxxxxxxxxxxxxxxxxxxx;10476
662;xxxxxxxxxxxxxxxxxxxxxxx;10510
663;xxxxxxxxxxxxxxxxxxxxxxx;10544
664;xxxxxxxxxxxxxxxxxxxxxxx;10578
665;xxxxxxxxxxxxxxxxxxxxxxx;10612
666;xxxxxxxxxxxxxxxxxxxxxxx;10646
667;xxxxxxxxxxxxxxxxxxxxxxx;10680
668;xxxxxxxxxxxxxxxxxxxxxxx;10714
669;xxxxxxxxxxxxxxxxxxxxxxx;10748
670;xxxxxxxxxxxxxxxxxxxxxxx;10782
671;xxxxxxxxxxxxxxxxxxxxxxx;10816
672;xxxxxxxxxxxxxxxxxxxxxxx;10850
673;xxxxxxxxxxxxxxxxxxxxxxx;10884
674;xxxxxxxxxxxxxxxxxxxxxxx;10918
675;xxxxxxxxxxxxxxxxxxxxxxx;10952
676;xxxxxxxxxxxxxxxxxxxxxxx;10986
677;xxxxxxxxxxxxxxxxxxxxxxx;11020
678;xxxxxxxxxxxxxxxxxxxxxxx;11054
679;xxxxxxxxxxxxxxxxxxxxxxx;11088
680;xxxxxxxxxxxxxxxxxxxxxxx;11122
681;xxxxxxxxxxxxxxxxxxxxxxx;11156
682;xxxxxxxxxxxxxxxxxxxxxxx;11190
683;xxxxxxxxxxxxxxxxxxxxxxx;11224
684;xxxxxxxxxxxxxxxxxxxxxxx;11258
685;xxxxxxxxxxxxxxxxxxxxxxx;11292
686;xxxxxxxxxxxxxxxxxxxxxxx;11326
687;xxxxxxxxxxxxxxxxxxxxxxx;11360
688;xxxxxxxxxxxxxxxxxxxxxxx;11394
689;xxxxxxxxxxxxxxxxxxxxxxx;11428
690;xxxxxxxxxxxxxxxxxxxxxxx;11462
691;xxxxxxxxxxxxxxxxxxxxxxx;11496
692;xxxxxxxxxxxxxxxxxxxxxxx;11530
693;xxxxxxxxxxxxxxxxxxxxxxx;11564
694;xxxxxxxxxxxxxxxxxxxxxxx;11598
695;xxxxxxxxxxxxxxxxxxxxxxx;11632
696;xxxxxxxxxxxxxxxxxxxxxxx;11666
697;xxxxxxxxxxxxxxxxxxxxxxx;11700
698;xxxxxxxxxxxxxxxxxxxxxxx;11734
699;xxxxxxxxxxxxxxxxxxxxxxx;11768
700;xxxxxxxxxxxxxxxxxxxxxxx;11802
701;xxxxxxxxxxxxxxxxxxxxxxx;11836
702;xxxxxxxxxxxxxxxxxxxxxxx;11870
703;xxxxxxxxxxxxxxxxxxxxxxx;11904
704;xxxxxxxxxxxxxxxxxxxxxxx;11938
705;xxxxxxxxxxxxxxxxxxxxxxx;11972
706;xxxxxxxxxxxxxxxxxxxxxxx;12006
707;xxxxxxxxxxxxxxxxxxxxxxx;12040
708;xxxxxxxxxxxxxxxxxxxxxxx;12074
709;xxxxxxxxxxxxxxxxxxxxxxx;12108
710;xxxxxxxxxxxxxxxxxxxxxxx;12142
711;xxxxxxxxxxxxxxxxxxxxxxx;12176
712;xxxxxxxxxxxxxxxxxxxxxxx;12210
713;xxxxxxxxxxxxxxxxxxxxxxx;12244
714;xxxxxxxxxxxxxxxxxxxxxxx;12278
715;xxxxxxxxxxxxxxxxxxxxxxx;12312
716;xxxxxxxxxxxxxxxxxxxxxxx;12346
717;xxxxxxxxxxxxxxxxxxxxxxx;12380
718;xxxxxxxxxxxxxxxxxxxxxxx;12414
719;xxxxxxxxxxxxxxxxxxxxxxx;12448
720;xxxxxxxxxxxxxxxxxxxxxxx;12482
721;xxxxxxxxxxxxxxxxxxxxxxx;12516
722;xxxxxxxxxxxxxxxxxxxxxxx;12550
723;xxxxxxxxxxxxxxxxxxxxxxx;12584
724;xxxxxxxxxxxxxxxxxxxxxxx;12618
725;xxxxxxxxxxxxxxxxxxxxxxx;12652
726;xxxxxxxxxxxxxxxxxxxxxxx;12686
727;xxxxxxxxxxxxxxxxxxxxxxx;12720
728;xxxxxxxxxxxxxxxxxxxxxxx;12754
729;xxxxxxxxxxxxxxxxxxxxxxx;12788
730;xxxxxxxxxxxxxxxxxxxxxxx;12822
731;xxxxxxxxxxxxxxxxxxxxxxx;12856
732;xxxxxxxxxxxxxxxxxxxxxxx;12890
733;xxxxxxxxxxxxxxxxxxxxxxx;12924
734;xxxxxxxxxxxxxxxxxxxxxxx;12958
735;xxxxxxxxxxxxxxxxxxxxxxx;12992
736;xxxxxxxxxxxxxxxxxxxxxxx;13026
737;xxxxxxxxxxxxxxxxxxxxxxx;13060
738;xxxxxxxxxxxxxxxxxxxxxxx;13094
739;xxxxxxxxxxxxxxxxxxxxxxx;13128
740;xxxxxxxxxxxxxxxxxxxxxxx;13162
741;xxxxxxxxxxxxxxxxxxxxxxx;13196
742;xxxxxxxxxxxxxxxxxxxxxxx;13230
743;xxxxxxxxxxxxxxxxxxxxxxx;13264
744;xxxxxxxxxxxxxxxxxxxxxxx;13298
745;xxxxxxxxxxxxxxxxxxxxxxx;13332
746;xxxxxxxxxxxxxxxxxxxxxxx;13366
747;xxxxxxxxxxxxxxxxxxxxxxx;13400
748;xxxxxxxxxxxxxxxxxxxxxxx;13434
749;xxxxxxxxxxxxxxxxxxxxxxx;13468
750;xxxxxxxxxxxxxxxxxxxxxxx;13502
751;xxxxxxxxxxxxxxxxxxxxxxx;13536
752;xxxxxxxxxxxxxxxxxxxxxxx;13570
753;xxxxxxxxxxxxxxxxxxxxxxx;13604
754;xxxxxxxxxxxxxxxxxxxxxxx;13638
755;xxxxxxxxxxxxxxxxxxxxxxx;13672
756;xxxxxxxxxxxxxxxxxxxxxxx;13706
757;xxxxxxxxxxxxxxxxxxxxxxx;13740
758;xxxxxxxxxxxxxxxxxxxxxxx;13774
759;xxxxxxxxxxxxxxxxxxxxxxx;13808
760;xxxxxxxxxxxxxxxxxxxxxxx;13842
761;xxxxxxxxxxxxxxxxxxxxxxx;13876
762;xxxxxxxxxxxxxxxxxxxxxxx;13910
763;xxxxxxxxxxxxxxxxxxxxxxx;13944
764;xxxxxxxxxxxxxxxxxxxxxxx;13978
765;xxxxxxxxxxxxxxxxxxxxxxx;14012
766;xxxxxxxxxxxxxxxxxxxxxxx;14046
767;xxxxxxxxxxxxxxxxxxxxxxx;14080
768;xxxxxxxxxxxxxxxxxxxxxxx;14114
769;xxxxxxxxxxxxxxxxxxxxxxx;14148
770;xxxxxxxxxxxxxxxxxxxxxxx;14182
771;xxxxxxxxxxxxxxxxxxxxxxx;14216
772;xxxxxxxxxxxxxxxxxxxxxxx;14250
773;xxxxxxxxxxxxxxxxxxxxxxx;14284
774;xxxxxxxxxxxxxxxxxxxxxxx;14318
775;xxxxxxxxxxxxxxxxxxxxxxx;14352
776;xxxxxxxxxxxxxxxxxxxxxxx;14386
777;xxxxxxxxxxxxxxxxxxxxxxx;14420
778;xxxxxxxxxxxxxxxxxxxxxxx;14454
779;xxxxxxxxxxxxxxxxxxxxxxx;14488
780;xxxxxxxxxxxxxxxxxxxxxxx;14522
781;xxxxxxxxxxxxxxxxxxxxxxx;14556
782;xxxxxxxxxxxxxxxxxxxxxxx;14590
783;xxxxxxxxxxxxxxxxxxxxxxx;14624
784;xxxxxxxxxxxxxxxxxxxxxxx;14658
785;xxxxxxxxxxxxxxxxxxxxxxx;14692
786;xxxxxxxxxxxxxxxxxxxxxxx;14726
787;xxxxxxxxxxxxxxxxxxxxxxx;14760
788;xxxxxxxxxxxxxxxxxxxxxxx;14794
789;xxxxxxxxxxxxxxxxxxxxxxx;14828
790;xxxxxxxxxxxxxxxxxxxxxxx;14862
791;xxxxxxxxxxxxxxxxxxxxxxx;14896
792;xxxxxxxxxxxxxxxxxxxxxxx;14930
793;xxxxxxxxxxxxxxxxxxxxxxx;14964
794;xxxxxxxxxxxxxxxxxxxxxxx;14998
795;xxxxxxxxxxxxxxxxxxxxxxx;15032
796;xxxxxxxxxxxxxxxxxxxxxxx;15066
797;xxxxxxxxxxxxxxxxxxxxxxx;15100
798;xxxxxxxxxxxxxxxxxxxxxxx;15134
799;xxxxxxxxxxxxxxxxxxxxxxx;15168
800;xxxxxxxxxxxxxxxxxxxxxxx;15202
801;xxxxxxxxxxxxxxxxxxxxxxx;15236
802;xxxxxxxxxxxxxxxxxxxxxxx;15270
803;xxxxxxxxxxxxxxxxxxxxxxx;15304
804;xxxxxxxxxxxxxxxxxxxxxxx;15338
805;xxxxxxxxxxxxxxxxxxxxxxx;15372
806;xxxxxxxxxxxxxxxxxxxxxxx;15406
807;xxxxxxxxxxxxxxxxxxxxxxx;15440
808;xxxxxxxxxxxxxxxxxxxxxxx;15474
809;xxxxxxxxxxxxxxxxxxxxxxx;15508
810;xxxxxxxxxxxxxxxxxxxxxxx;15542
811;xxxxxxxxxxxxxxxxxxxxxxx;15576
812;xxxxxxxxxxxxxxxxxxxxxxx;15610
813;xxxxxxxxxxxxxxxxxxxxxxx;15644
814;xxxxxxxxxxxxxxxxxxxxxxx;15678
815;xxxxxxxxxxxxxxxxxxxxxxx;15712
816;xxxxxxxxxxxxxxxxxxxxxxx;15746
817;xxxxxxxxxxxxxxxxxxxxxxx;15780
818;xxxxxxxxxxxxxxxxxxxxxxx;15814
819;xxxxxxxxxxxxxxxxxxxxxxx;15848
820;xxxxxxxxxxxxxxxxxxxxxxx;15882
821;xxxxxxxxxxxxxxxxxxxxxxx;15916
822;xxxxxxxxxxxxxxxxxxxxxxx;15950
823;xxxxxxxxxxxxxxxxxxxxxxx;15984
824;xxxxxxxxxxxxxxxxxxxxxxx;16018
825;xxxxxxxxxxxxxxxxxxxxxxx;16052
826;xxxxxxxxxxxxxxxxxxxxxxx;16086
827;xxxxxxxxxxxxxxxxxxxxxxx;16120
828;xxxxxxxxxxxxxxxxxxxxxxx;16154
829;xxxxxxxxxxxxxxxxxxxxxxx;16188
830;xxxxxxxxxxxxxxxxxxxxxxx;16222
831;xxxxxxxxxxxxxxxxxxxxxxx;16256
832;xxxxxxxxxxxxxxxxxxxxxxx;16290
833;xxxxxxxxxxxxxxxxxxxxxxx;16324
834;xxxxxxxxxxxxxxxxxxxxxxx;16358
835;xxxxxxxxxxxxxxxxxxxxxxx;16392
836;xxxxxxxxxxxxxxxxxxxxxxx;16426
837;xxxxxxxxxxxxxxxxxxxxxxx;16460
838;xxxxxxxxxxxxxxxxxxxxxxx;16494
839;xxxxxxxxxxxxxxxxxxxxxxx;16528
840;xxxxxxxxxxxxxxxxxxxxxxx;16562
841;xxxxxxxxxxxxxxxxxxxxxxx;16596
842;xxxxxxxxxxxxxxxxxxxxxxx;16630
843;xxxxxxxxxxxxxxxxxxxxxxx;16664
844;xxxxxxxxxxxxxxxxxxxxxxx;16698
845;xxxxxxxxxxxxxxxxxxxxxxx;16732
846;xxxxxxxxxxxxxxxxxxxxxxx;16766
847;xxxxxxxxxxxxxxxxxxxxxxx;16800
848;xxxxxxxxxxxxxxxxxxxxxxx;16834
849;xxxxxxxxxxxxxxxxxxxxxxx;16868
850;xxxxxxxxxxxxxxxxxxxxxxx;16902
851;xxxxxxxxxxxxxxxxxxxxxxx;16936
852;xxxxxxxxxxxxxxxxxxxxxxx;16970
853;xxxxxxxxxxxxxxxxxxxxxxx;17004
854;xxxxxxxxxxxxxxxxxxxxxxx;17038
855;xxxxxxxxxxxxxxxxxxxxxxx;17072
856;xxxxxxxxxxxxxxxxxxxxxxx;17106
857;xxxxxxxxxxxxxxxxxxxxxxx;17140
858;xxxxxxxxxxxxxxxxxxxxxxx;17174
859;xxxxxxxxxxxxxxxxxxxxxxx;17208
860;xxxxxxxxxxxxxxxxxxxxxxx;17242
861;xxxxxxxxxxxxxxxxxxxxxxx;17276
862;xxxxxxxxxxxxxxxxxxxxxxx;17310
863;xxxxxxxxxxxxxxxxxxxxxxx;17344
864;xxxxxxxxxxxxxxxxxxxxxxx;17378
865;xxxxxxxxxxxxxxxxxxxxxxx;17412
866;xxxxxxxxxxxxxxxxxxxxxxx;17446
867;xxxxxxxxxxxxxxxxxxxxxxx;17480
868;xxxxxxxxxxxxxxxxxxxxxxx;17514
869;xxxxxxxxxxxxxxxxxxxxxxx;17548
870;xxxxxxxxxxxxxxxxxxxxxxx;17582
871;xxxxxxxxxxxxxxxxxxxxxxx;17616
872;xxxxxxxxxxxxxxxxxxxxxxx;17650
873;xxxxxxxxxxxxxxxxxxxxxxx;17684
874;xxxxxxxxxxxxxxxxxxxxxxx;17718
875;xxxxxxxxxxxxxxxxxxxxxxx;17752
876;xxxxxxxxxxxxxxxxxxxxxxx;17786
877;xxxxxxxxxxxxxxxxxxxxxxx;17820
878;xxxxxxxxxxxxxxxxxxxxxxx;17854
879;xxxxxxxxxxxxxxxxxxxxxxx;17888
880;xxxxxxxxxxxxxxxxxxxxxxx;17922
881;xxxxxxxxxxxxxxxxxxxxxxx;17956
882;xxxxxxxxxxxxxxxxxxxxxxx;17990
883;xxxxxxxxxxxxxxxxxxxxxxx;18024
884;xxxxxxxxxxxxxxxxxxxxxxx;18058
885;xxxxxxxxxxxxxxxxxxxxxxx;18092
886;xxxxxxxxxxxxxxxxxxxxxxx;18126
887;xxxxxxxxxxxxxxxxxxxxxxx;18160
888;xxxxxxxxxxxxxxxxxxxxxxx;18194
889;xxxxxxxxxxxxxxxxxxxxxxx;18228
890;xxxxxxxxxxxxxxxxxxxxxxx;18262
891;xxxxxxxxxxxxxxxxxxxxxxx;18296
892;xxxxxxxxxxxxxxxxxxxxxxx;18330
893;xxxxxxxxxxxxxxxxxxxxxxx;18364
894;xxxxxxxxxxxxxxxxxxxxxxx;18398
895;xxxxxxxxxxxxxxxxxxxxxxx;18432
896;xxxxxxxxxxxxxxxxxxxxxxx;18466
897;xxxxxxxxxxxxxxxxxxxxxxx;18500
898;xxxxxxxxxxxxxxxxxxxxxxx;18534
899;xxxxxxxxxxxxxxxxxxxxxxx;18568
900;xxxxxxxxxxxxxxxxxxxxxxx;18602
901;xxxxxxxxxxxxxxxxxxxxxxx;18636
902;xxxxxxxxxxxxxxxxxxxxxxx;18670
903;xxxxxxxxxxxxxxxxxxxxxxx;18704
904;xxxxxxxxxxxxxxxxxxxxxxx;18738
905;xxxxxxxxxxxxxxxxxxxxxxx;18772
906;xxxxxxxxxxxxxxxxxxxxxxx;18806
907;xxxxxxxxxxxxxxxxxxxxxxx;18840
908;xxxxxxxxxxxxxxxxxxxxxxx;18874
909;xxxxxxxxxxxxxxxxxxxxxxx;18908
910;xxxxxxxxxxxxxxxxxxxxxxx;18942
911;xxxxxxxxxxxxxxxxxxxxxxx;18976
912;xxxxxxxxxxxxxxxxxxxxxxx;19010
913;xxxxxxxxxxxxxxxxxxxxxxx;19044
914;xxxxxxxxxxxxxxxxxxxxxxx;19078
915;xxxxxxxxxxxxxxxxxxxxxxx;19112
916;xxxxxxxxxxxxxxxxxxxxxxx;19146
917;xxxxxxxxxxxxxxxxxxxxxxx;19180
918;xxxxxxxxxxxxxxxxxxxxxxx;19214
919;xxxxxxxxxxxxxxxxxxxxxxx;19248
920;xxxxxxxxxxxxxxxxxxxxxxx;19282
921;xxxxxxxxxxxxxxxxxxxxxxx;19316
922;xxxxxxxxxxxxxxxxxxxxxxx;19350
923;xxxxxxxxxxxxxxxxxxxxxxx;19384
924;xxxxxxxxxxxxxxxxxxxxxxx;19418
925;xxxxxxxxxxxxxxxxxxxxxxx;19452
926;xxxxxxxxxxxxxxxxxxxxxxx;19486
927;xxxxxxxxxxxxxxxxxxxxxxx;19520
928;xxxxxxxxxxxxxxxxxxxxxxx;19554
929;xxxxxxxxxxxxxxxxxxxxxxx;19588
930;xxxxxxxxxxxxxxxxxxxxxxx;19622
931;xxxxxxxxxxxxxxxxxxxxxxx;19656
932;xxxxxxxxxxxxxxxxxxxxxxx;19690
933;xxxxxxxxxxxxxxxxxxxxxxx;19724
934;xxxxxxxxxxxxxxxxxxxxxxx;19758
935;xxxxxxxxxxxxxxxxxxxxxxx;19792
936;xxxxxxxxxxxxxxxxxxxxxxx;19826
937;xxxxxxxxxxxxxxxxxxxxxxx;19860
938;xxxxxxxxxxxxxxxxxxxxxxx;19894
939;xxxxxxxxxxxxxxxxxxxxxxx;19928
940;xxxxxxxxxxxxxxxxxxxxxxx;19962
941;xxxxxxxxxxxxxxxxxxxxxxx;19996
942;xxxxxxxxxxxxxxxxxxxxxxx;20030
943;xxxxxxxxxxxxxxxxxxxxxxx;20064
944;xxxxxxxxxxxxxxxxxxxxxxx;20098
945;xxxxxxxxxxxxxxxxxxxxxxx;20132
946;xxxxxxxxxxxxxxxxxxxxxxx;20166
947;xxxxxxxxxxxxxxxxxxxxxxx;20200
948;xxxxxxxxxxxxxxxxxxxxxxx;20234
949;xxxxxxxxxxxxxxxxxxxxxxx;20268
950;xxxxxxxxxxxxxxxxxxxxxxx;20302
951;xxxxxxxxxxxxxxxxxxxxxxx;20336
952;xxxxxxxxxxxxxxxxxxxxxxx;20370
953;xxxxxxxxxxxxxxxxxxxxxxx;20404
954;xxxxxxxxxxxxxxxxxxxxxxx;20438
955;xxxxxxxxxxxxxxxxxxxxxxx;20472
956;xxxxxxxxxxxxxxxxxxxxxxx;20506
957;xxxxxxxxxxxxxxxxxxxxxxx;20540
958;xxxxxxxxxxxxxxxxxxxxxxx;20574
959;xxxxxxxxxxxxxxxxxxxxxxx;20608
960;xxxxxxxxxxxxxxxxxxxxxxx;20642
961;xxxxxxxxxxxxxxxxxxxxxxx;20676
962;xxxxxxxxxxxxxxxxxxxxxxx;20710
963;xxxxxxxxxxxxxxxxxxxxxxx;20744
964;xxxxxxxxxxxxxxxxxxxxxxx;20778
965;xxxxxxxxxxxxxxxxxxxxxxx;20812
966;xxxxxxxxxxxxxxxxxxxxxxx;20846
967;xxxxxxxxxxxxxxxxxxxxxxx;20880
968;xxxxxxxxxxxxxxxxxxxxxxx;20914
969;xxxxxxxxxxxxxxxxxxxxxxx;20948
970;xxxxxxxxxxxxxxxxxxxxxxx;20982
971;xxxxxxxxxxxxxxxxxxxxxxx;21016
972;xxxxxxxxxxxxxxxxxxxxxxx;21050
973;xxxxxxxxxxxxxxxxxxxxxxx;21084
974;xxxxxxxxxxxxxxxxxxxxxxx;21118
975;xxxxxxxxxxxxxxxxxxxxxxx;21152
976;xxxxxxxxxxxxxxxxxxxxxxx;21186
977;xxxxxxxxxxxxxxxxxxxxxxx;21220
978;xxxxxxxxxxxxxxxxxxxxxxx;21254
979;xxxxxxxxxxxxxxxxxxxxxxx;21288
980;xxxxxxxxxxxxxxxxxxxxxxx;21322
981;xxxxxxxxxxxxxxxxxxxxxxx;21356
982;xxxxxxxxxxxxxxxxxxxxxxx;21390
983;xxxxxxxxxxxxxxxxxxxxxxx;21424
984;xxxxxxxxxxxxxxxxxxxxxxx;21458
985;xxxxxxxxxxxxxxxxxxxxxxx;21492
986;xxxxxxxxxxxxxxxxxxxxxxx;21526
987;xxxxxxxxxxxxxxxxxxxxxxx;21560
988;xxxxxxxxxxxxxxxxxxxxxxx;21594
989;xxxxxxxxxxxxxxxxxxxxxxx;21628
990;xxxxxxxxxxxxxxxxxxxxxxx;21662
991;xxxxxxxxxxxxxxxxxxxxxxx;21696
992;xxxxxxxxxxxxxxxxxxxxxxx;21730
993;xxxxxxxxxxxxxxxxxxxxxxx;21764
994;xxxxxxxxxxxxxxxxxxxxxxx;21798
995;xxxxxxxxxxxxxxxxxxxxxxx;21832
996;xxxxxxxxxxxxxxxxxxxxxxx;21866
997;xxxxxxxxxxxxxxxxxxxxxxx;21900
998;xxxxxxxxxxxxxxxxxxxxxxx;21934
999;xxxxxxxxxxxxxxxxxxxxxxx;21968
1000;xxxxxxxxxxxxxxxxxxxxxxx;22002
1001;xxxxxxxxxxxxxxxxxxxxxxx;22036
1002;xxxxxxxxxxxxxxxxxxxxxxx;22070
1003;xxxxxxxxxxxxxxxxxxxxxxx;22104
1004;xxxxxxxxxxxxxxxxxxxxxxx;22138
1005;xxxxxxxxxxxxxxxxxxxxxxx;22172
1006;xxxxxxxxxxxxxxxxxxxxxxx;22206
1007;xxxxxxxxxxxxxxxxxxxxxxx;22240
1008;xxxxxxxxxxxxxxxxxxxxxxx;22274
1009;xxxxxxxxxxxxxxxxxxxxxxx;22308
1010;xxxxxxxxxxxxxxxxxxxxxxx;22342
1011;xxxxxxxxxxxxxxxxxxxxxxx;22376
1012;xxxxxxxxxxxxxxxxxxxxxxx;22410
1013;xxxxxxxxxxxxxxxxxxxxxxx;22444
1014;xxxxxxxxxxxxxxxxxxxxxxx;22478
1015;xxxxxxxxxxxxxxxxxxxxxxx;22512
1016;xxxxxxxxxxxxxxxxxxxxxxx;22546
1017;xxxxxxxxxxxxxxxxxxxxxxx;22580
1018;xxxxxxxxxxxxxxxxxxxxxxx;22614
1019;xxxxxxxxxxxxxxxxxxxxxxx;22648
1020;xxxxxxxxxxxxxxxxxxxxxxx;22682
1021;xxxxxxxxxxxxxxxxxxxxxxx;22716
1022;xxxxxxxxxxxxxxxxxxxxxxx;22750
1023;xxxxxxxxxxxxxxxxxxxxxxx;22784
1024;xxxxxxxxxxxxxxxxxxxxxxx;22818
1025;xxxxxxxxxxxxxxxxxxxxxxx;22852
1026;xxxxxxxxxxxxxxxxxxxxxxx;22886
1027;xxxxxxxxxxxxxxxxxxxxxxx;22920
1028;xxxxxxxxxxxxxxxxxxxxxxx;22954
1029;xxxxxxxxxxxxxxxxxxxxxxx;22988
1030;xxxxxxxxxxxxxxxxxxxxxxx;23022
1031;xxxxxxxxxxxxxxxxxxxxxxx;23056
1032;xxxxxxxxxxxxxxxxxxxxxxx;23090
1033;xxxxxxxxxxxxxxxxxxxxxxx;23124
1034;xxxxxxxxxxxxxxxxxxxxxxx;23158
1035;xxxxxxxxxxxxxxxxxxxxxxx;23192
1036;xxxxxxxxxxxxxxxxxxxxxxx;23226
1037;xxxxxxxxxxxxxxxxxxxxxxx;23260
1038;xxxxxxxxxxxxxxxxxxxxxxx;23294
1039;xxxxxxxxxxxxxxxxxxxxxxx;23328
1040;xxxxxxxxxxxxxxxxxxxxxxx;23362
1041;xxxxxxxxxxxxxxxxxxxxxxx;23396
1042;xxxxxxxxxxxxxxxxxxxxxxx;23430
1043;xxxxxxxxxxxxxxxxxxxxxxx;23464
1044;xxxxxxxxxxxxxxxxxxxxxxx;23498
1045;xxxxxxxxxxxxxxxxxxxxxxx;23532
1046;xxxxxxxxxxxxxxxxxxxxxxx;23566
1047;xxxxxxxxxxxxxxxxxxxxxxx;23600
1048;xxxxxxxxxxxxxxxxxxxxxxx;23634
1049;xxxxxxxxxxxxxxxxxxxxxxx;23668
1050;xxxxxxxxxxxxxxxxxxxxxxx;23702
1051;xxxxxxxxxxxxxxxxxxxxxxx;23736
1052;xxxxxxxxxxxxxxxxxxxxxxx;23770
1053;xxxxxxxxxxxxxxxxxxxxxxx;23804
1054;xxxxxxxxxxxxxxxxxxxxxxx;23838
1055;xxxxxxxxxxxxxxxxxxxxxxx;23872
1056;xxxxxxxxxxxxxxxxxxxxxxx;23906
1057;xxxxxxxxxxxxxxxxxxxxxxx;23940
1058;xxxxxxxxxxxxxxxxxxxxxxx;23974
1059;xxxxxxxxxxxxxxxxxxxxxxx;24008
1060;xxxxxxxxxxxxxxxxxxxxxxx;24042
1061;xxxxxxxxxxxxxxxxxxxxxxx;24076
1062;xxxxxxxxxxxxxxxxxxxxxxx;24110
1063;xxxxxxxxxxxxxxxxxxxxxxx;24144
1064;xxxxxxxxxxxxxxxxxxxxxxx;24178
1065;xxxxxxxxxxxxxxxxxxxxxxx;24212
1066;xxxxxxxxxxxxxxxxxxxxxxx;24246
1067;xxxxxxxxxxxxxxxxxxxxxxx;24280
1068;xxxxxxxxxxxxxxxxxxxxxxx;24314
1069;xxxxxxxxxxxxxxxxxxxxxxx;24348
1070;xxxxxxxxxxxxxxxxxxxxxxx;24382
1071;xxxxxxxxxxxxxxxxxxxxxxx;24416
1072;xxxxxxxxxxxxxxxxxxxxxxx;24450
1073;xxxxxxxxxxxxxxxxxxxxxxx;24484
1074;xxxxxxxxxxxxxxxxxxxxxxx;24518
1075;xxxxxxxxxxxxxxxxxxxxxxx;24552
1076;xxxxxxxxxxxxxxxxxxxxxxx;24586
1077;xxxxxxxxxxxxxxxxxxxxxxx;24620
1078;xxxxxxxxxxxxxxxxxxxxxxx;24654
1079;xxxxxxxxxxxxxxxxxxxxxxx;24688
1080;xxxxxxxxxxxxxxxxxxxxxxx;24722
1081;xxxxxxxxxxxxxxxxxxxxxxx;24756
1082;xxxxxxxxxxxxxxxxxxxxxxx;24790
1083;xxxxxxxxxxxxxxxxxxxxxxx;24824
1084;xxxxxxxxxxxxxxxxxxxxxxx;24858
1085;xxxxxxxxxxxxxxxxxxxxxxx;24892
1086;xxxxxxxxxxxxxxxxxxxxxxx;24926
1087;xxxxxxxxxxxxxxxxxxxxxxx;24960
1088;xxxxxxxxxxxxxxxxxxxxxxx;24994
1089;xxxxxxxxxxxxxxxxxxxxxxx;25028
1090;xxxxxxxxxxxxxxxxxxxxxxx;25062
1091;xxxxxxxxxxxxxxxxxxxxxxx;25096
1092;xxxxxxxxxxxxxxxxxxxxxxx;25130
1093;xxxxxxxxxxxxxxxxxxxxxxx;25164
1094;xxxxxxxxxxxxxxxxxxxxxxx;25198
1095;xxxxxxxxxxxxxxxxxxxxxxx;25232
1096;xxxxxxxxxxxxxxxxxxxxxxx;25266
1097;xxxxxxxxxxxxxxxxxxxxxxx;25300
1098;xxxxxxxxxxxxxxxxxxxxxxx;25334
1099;xxxxxxxxxxxxxxxxxxxxxxx;25368
1100;xxxxxxxxxxxxxxxxxxxxxxx;25402
1101;xxxxxxxxxxxxxxxxxxxxxxx;25436
1102;xxxxxxxxxxxxxxxxxxxxxxx;25470
1103;xxxxxxxxxxxxxxxxxxxxxxx;3675
1104;xxxxxxxxxxxxxxxxxxxxxxx;3698
1105;xxxxxxxxxxxxxxxxxxxxxxx;3721
1106;xxxxxxxxxxxxxxxxxxxxxxx;3744
1107;xxxxxxxxxxxxxxxxxxxxxxx;3767
1108;xxxxxxxxxxxxxxxxxxxxxxx;3790
1109;xxxxxxxxxxxxxxxxxxxxxxx;3813
1110;xxxxxxxxxxxxxxxxxxxxxxx;3836
1111;xxxxxxxxxxxxxxxxxxxxxxx;3859
1112;xxxxxxxxxxxxxxxxxxxxxxx;3882
1113;xxxxxxxxxxxxxxxxxxxxxxx;3905
1114;xxxxxxxxxxxxxxxxxxxxxxx;3928
1115;xxxxxxxxxxxxxxxxxxxxxxx;3951
1116;xxxxxxxxxxxxxxxxxxxxxxx;3974
1117;xxxxxxxxxxxxxxxxxxxxxxx;3997
1118;xxxxxxxxxxxxxxxxxxxxxxx;4020
1119;xxxxxxxxxxxxxxxxxxxxxxx;4043
1120;xxxxxxxxxxxxxxxxxxxxxxx;4066
1121;xxxxxxxxxxxxxxxxxxxxxxx;4089
1122;xxxxxxxxxxxxxxxxxxxxxxx;4112
1123;xxxxxxxxxxxxxxxxxxxxxxx;4135
1124;xxxxxxxxxxxxxxxxxxxxxxx;4158
1125;xxxxxxxxxxxxxxxxxxxxxxx;4181
1126;xxxxxxxxxxxxxxxxxxxxxxx;4204
1127;xxxxxxxxxxxxxxxxxxxxxxx;4227
1128;xxxxxxxxxxxxxxxxxxxxxxx;4250
1129;xxxxxxxxxxxxxxxxxxxxxxx;4273
1130;xxxxxxxxxxxxxxxxxxxxxxx;4296
1131;xxxxxxxxxxxxxxxxxxxxxxx;4319
1132;xxxxxxxxxxxxxxxxxxxxxxx;4342
1133;xxxxxxxxxxxxxxxxxxxxxxx;4365
1134;xxxxxxxxxxxxxxxxxxxxxxx;4388
1135;xxxxxxxxxxxxxxxxxxxxxxx;4411
1136;xxxxxxxxxxxxxxxxxxxxxxx;4434
1137;xxxxxxxxxxxxxxxxxxxxxxx;4457
1138;xxxxxxxxxxxxxxxxxxxxxxx;4480
1139;xxxxxxxxxxxxxxxxxxxxxxx;4503
1140;xxxxxxxxxxxxxxxxxxxxxxx;4526
1141;xxxxxxxxxxxxxxxxxxxxxxx;4549
1142;xxxxxxxxxxxxxxxxxxxxxxx;4572
1143;xxxxxxxxxxxxxxxxxxxxxxx;4595
1144;xxxxxxxxxxxxxxxxxxxxxxx;4618
1145;xxxxxxxxxxxxxxxxxxxxxxx;4641
1146;xxxxxxxxxxxxxxxxxxxxxxx;4664
1147;xxxxxxxxxxxxxxxxxxxxxxx;4687
1148;xxxxxxxxxxxxxxxxxxxxxxx;4710
1149;xxxxxxxxxxxxxxxxxxxxxxx;4733
1150;xxxxxxxxxxxxxxxxxxxxxxx;4756
1151;xxxxxxxxxxxxxxxxxxxxxxx;4779
1152;xxxxxxxxxxxxxxxxxxxxxxx;4802
1153;xxxxxxxxxxxxxxxxxxxxxxx;4825
1154;xxxxxxxxxxxxxxxxxxxxxxx;4848
1155;xxxxxxxxxxxxxxxxxxxxxxx;4871
1156;xxxxxxxxxxxxxxxxxxxxxxx;4894
1157;xxxxxxxxxxxxxxxxxxxxxxx;4917
1158;xxxxxxxxxxxxxxxxxxxxxxx;4940
1159;xxxxxxxxxxxxxxxxxxxxxxx;4963
1160;xxxxxxxxxxxxxxxxxxxxxxx;4986
1161;xxxxxxxxxxxxxxxxxxxxxxx;5009
1162;xxxxxxxxxxxxxxxxxxxxxxx;5032
1163;xxxxxxxxxxxxxxxxxxxxxxx;5055
1164;xxxxxxxxxxxxxxxxxxxxxxx;5078
1165;xxxxxxxxxxxxxxxxxxxxxxx;5101
1166;xxxxxxxxxxxxxxxxxxxxxxx;5124
1167;xxxxxxxxxxxxxxxxxxxxxxx;5147
1168;xxxxxxxxxxxxxxxxxxxxxxx;5170
1169;xxxxxxxxxxxxxxxxxxxxxxx;5193
1170;xxxxxxxxxxxxxxxxxxxxxxx;5216
1171;xxxxxxxxxxxxxxxxxxxxxxx;5239
1172;xxxxxxxxxxxxxxxxxxxxxxx;5262
1173;xxxxxxxxxxxxxxxxxxxxxxx;5285
1174;xxxxxxxxxxxxxxxxxxxxxxx;5308
1175;xxxxxxxxxxxxxxxxxxxxxxx;5331
1176;xxxxxxxxxxxxxxxxxxxxxxx;5354
1177;xxxxxxxxxxxxxxxxxxxxxxx;5377
1178;xxxxxxxxxxxxxxxxxxxxxxx;5400
1179;xxxxxxxxxxxxxxxxxxxxxxx;5423
1180;xxxxxxxxxxxxxxxxxxxxxxx;5446
1181;xxxxxxxxxxxxxxxxxxxxxxx;5469
1182;xxxxxxxxxxxxxxxxxxxxxxx;5492
1183;xxxxxxxxxxxxxxxxxxxxxxx;5515
1184;xxxxxxxxxxxxxxxxxxxxxxx;5538
1185;xxxxxxxxxxxxxxxxxxxxxxx;5561
1186;xxxxxxxxxxxxxxxxxxxxxxx;5584
1187;xxxxxxxxxxxxxxxxxxxxxxx;5607
1188;xxxxxxxxxxxxxxxxxxxxxxx;5630
1189;xxxxxxxxxxxxxxxxxxxxxxx;5653
1190;xxxxxxxxxxxxxxxxxxxxxxx;5676
1191;xxxxxxxxxxxxxxxxxxxxxxx;5699
1192;xxxxxxxxxxxxxxxxxxxxxxx;5722
1193;xxxxxxxxxxxxxxxxxxxxxxx;5745
1194;xxxxxxxxxxxxxxxxxxxxxxx;5768
1195;xxxxxxxxxxxxxxxxxxxxxxx;5791
1196;xxxxxxxxxxxxxxxxxxxxxxx;5814
1197;xxxxxxxxxxxxxxxxxxxxxxx;5837
1198;xxxxxxxxxxxxxxxxxxxxxxx;5860
1199;xxxxxxxxxxxxxxxxxxxxxxx;5883
1200;xxxxxxxxxxxxxxxxxxxxxxx;5906
1201;xxxxxxxxxxxxxxxxxxxxxxx;5929
1202;xxxxxxxxxxxxxxxxxxxxxxx;5952
1203;xxxxxxxxxxxxxxxxxxxxxxx;5975
1204;xxxxxxxxxxxxxxxxxxxxxxx;5998
1205;xxxxxxxxxxxxxxxxxxxxxxx;6021
1206;xxxxxxxxxxxxxxxxxxxxxxx;6044
1207;xxxxxxxxxxxxxxxxxxxxxxx;6067
1208;xxxxxxxxxxxxxxxxxxxxxxx;6090
1209;xxxxxxxxxxxxxxxxxxxxxxx;6113
1210;xxxxxxxxxxxxxxxxxxxxxxx;6136
1211;xxxxxxxxxxxxxxxxxxxxxxx;6159
1212;xxxxxxxxxxxxxxxxxxxxxxx;6182
1213;xxxxxxxxxxxxxxxxxxxxxxx;6205
1214;xxxxxxxxxxxxxxxxxxxxxxx;6228
1215;xxxxxxxxxxxxxxxxxxxxxxx;6251
1216;xxxxxxxxxxxxxxxxxxxxxxx;6274
1217;xxxxxxxxxxxxxxxxxxxxxxx;6297
1218;xxxxxxxxxxxxxxxxxxxxxxx;6320
